{"iob":0.24521494130000002,"activity":0.00044999999999999993,"bolusiob":0}
