{"iob":0.30727525881144446,"activity":0.0030637213403880066,"bolusiob":0}
