{"iob":0.5307726129333333,"activity":0.0040039329805996475,"bolusiob":0}
