{"carbs_hr":28,"max_iob":1,"dia":3,"type":"current","current_basal":1.1500000000000001,"max_daily_basal":1.1500000000000001,"max_basal":2,"max_bg":130,"min_bg":110,"carbratio":14,"sens":55}
